INSERT INTO genres VALUES(1, 'Фантастика');
INSERT INTO genres VALUES(2, 'Роман');
INSERT INTO genres VALUES(3, 'Приключения');
INSERT INTO genres VALUES(4, 'Детектив');
INSERT INTO genres VALUES(5, 'Поэзия');
INSERT INTO authors VALUES(1, 'Михаил Булгаков');
INSERT INTO authors VALUES(2, 'Николай Гоголь');
INSERT INTO authors VALUES(3, 'Илья Ильф');
INSERT INTO authors VALUES(4, 'Евгений Петров');
INSERT INTO authors VALUES(5, 'Александр Дюма');
INSERT INTO authors VALUES(6, 'Федор Достоевский');
INSERT INTO authors VALUES(7, 'Лев Тостой');
INSERT INTO authors VALUES(8, 'Аркадий Стругацкий');
INSERT INTO authors VALUES(9, 'Борис Стругацкий');
INSERT INTO authors VALUES(10, 'Артур Конан Дойль');
INSERT INTO authors VALUES(11, 'Станислав Лем');
INSERT INTO books VALUES('978-3-16-148410-0', 'Мастер и Маргарита', 300, '2022-02-25');
INSERT INTO books VALUES('978-3-17-148410-0', 'Мертвые души', 300, '2022-02-25');
INSERT INTO books VALUES('978-3-18-148410-0', 'Двенадцать стульев', 400, '2022-02-25');
INSERT INTO books VALUES('978-3-19-148410-0', 'Собачье сердце', 100, '2022-02-25');
INSERT INTO books VALUES('978-3-20-148410-0', 'Преступление и наказание', 500, '2022-02-25');
INSERT INTO books VALUES('978-3-21-148410-0', 'Война и мир', 1000, '2022-02-25');
INSERT INTO books VALUES('978-3-22-148410-0', 'Идиот', 700, '2022-02-25');
INSERT INTO books VALUES('978-3-23-148410-0', 'Братья Карамазовы', 600, '2022-02-25');
INSERT INTO books VALUES('978-3-24-148410-0', 'Золотой теленок', 300, '2022-02-25');
INSERT INTO books VALUES('978-3-25-148410-0', 'Собака Баскервилей', 100, '2022-02-25');
INSERT INTO books VALUES('978-3-26-148410-0', 'Пикник на обочине', 300, '2022-02-25');
INSERT INTO books VALUES('978-3-27-148410-0', 'Трудно быть богом', 300, '2022-02-25');
INSERT INTO books VALUES('978-3-28-148410-0', 'Солярис', 300, '2022-02-25');
INSERT INTO books VALUES('978-3-29-148410-0', 'Понедельние начинается в субботу', 300, '2022-02-25');
INSERT INTO books VALUES('978-3-30-148410-0', 'Бесы', 600, '2022-02-25');
INSERT INTO book_genre VALUES('978-3-16-148410-0', 2);
INSERT INTO book_genre VALUES('978-3-17-148410-0', 2);
INSERT INTO book_genre VALUES('978-3-18-148410-0', 3);
INSERT INTO book_genre VALUES('978-3-18-148410-0', 2);
INSERT INTO book_genre VALUES('978-3-19-148410-0', 1);
INSERT INTO book_genre VALUES('978-3-20-148410-0', 2);
INSERT INTO book_genre VALUES('978-3-21-148410-0', 2);
INSERT INTO book_genre VALUES('978-3-22-148410-0', 2);
INSERT INTO book_genre VALUES('978-3-23-148410-0', 2);
INSERT INTO book_genre VALUES('978-3-24-148410-0', 3);
INSERT INTO book_genre VALUES('978-3-24-148410-0', 2);
INSERT INTO book_genre VALUES('978-3-25-148410-0', 4);
INSERT INTO book_genre VALUES('978-3-26-148410-0', 1);
INSERT INTO book_genre VALUES('978-3-27-148410-0', 1);
INSERT INTO book_genre VALUES('978-3-28-148410-0', 1);
INSERT INTO book_genre VALUES('978-3-28-148410-0', 2);
INSERT INTO book_genre VALUES('978-3-29-148410-0', 1);
INSERT INTO book_genre VALUES('978-3-30-148410-0', 2);
INSERT INTO book_autor VALUES('978-3-16-148410-0', 1);
INSERT INTO book_autor VALUES('978-3-17-148410-0', 2);
INSERT INTO book_autor VALUES('978-3-18-148410-0', 3);
INSERT INTO book_autor VALUES('978-3-18-148410-0', 4);
INSERT INTO book_autor VALUES('978-3-19-148410-0', 1);
INSERT INTO book_autor VALUES('978-3-20-148410-0', 6);
INSERT INTO book_autor VALUES('978-3-21-148410-0', 7);
INSERT INTO book_autor VALUES('978-3-22-148410-0', 6);
INSERT INTO book_autor VALUES('978-3-23-148410-0', 6);
INSERT INTO book_autor VALUES('978-3-24-148410-0', 3);
INSERT INTO book_autor VALUES('978-3-24-148410-0', 4);
INSERT INTO book_autor VALUES('978-3-25-148410-0', 10);
INSERT INTO book_autor VALUES('978-3-26-148410-0', 8);
INSERT INTO book_autor VALUES('978-3-26-148410-0', 9);
INSERT INTO book_autor VALUES('978-3-27-148410-0', 8);
INSERT INTO book_autor VALUES('978-3-27-148410-0', 9);
INSERT INTO book_autor VALUES('978-3-28-148410-0', 11);
INSERT INTO book_autor VALUES('978-3-29-148410-0', 8);
INSERT INTO book_autor VALUES('978-3-29-148410-0', 9);
INSERT INTO book_autor VALUES('978-3-30-148410-0', 6);